[{"assetType":"PolicyAction","assetObject":{"name":"Policy Action [Enable HTTP / HTTPS] -> Policy For API Customers[1.0]","id":"f778662f-50af-43c7-9267-d48317009b40","status":"Success","explanation":"OK"}},{"assetType":"PolicyAction","assetObject":{"name":"Policy Action [Log Invocation] -> Policy For API Customers[1.0]","id":"4d0850eb-e566-4a1e-8e0e-3a11c6828901","status":"Success","explanation":"OK"}},{"assetType":"Policy","assetObject":{"name":"Policy For API Customers[1.0]","id":"81091acc-9280-4a64-b10b-6b64c2b04eb1","status":"Success","explanation":"OK"}},{"assetType":"PolicyAction","assetObject":{"name":"Policy Action [Straight Through Routing] -> Policy For API Customers[1.0]","id":"cc312a9e-88cd-4ae9-99f5-02967cf1c207","status":"Success","explanation":"OK"}},{"assetType":"API","assetObject":{"name":"Customers[1.0]","id":"c7595f02-b8cd-457a-8f62-e7a7da6c6678","status":"Success","explanation":"OK"}}]